SITC2,SITC1,weight,group_id
6716,6714,0.2545944993729105,47
6716,6715,0.7454055006270895,47
8973,8971,1.0,76
8974,8971,1.0,76
9710,8971,0.513046659264587,76
8972,8972,1.0,76
9710,8972,0.486953340735413,76
7861,7316,0.1724694306106682,69
7915,7316,1.0,69
7861,7333,0.8275305693893317,69
7868,7333,1.0,69
3232,3218,0.9137961390005956,21
5221,5131,0.4032127882534907,21
3232,5132,0.0862038609994042,21
5221,5132,0.5967872117465091,21
0573,0513,0.9999999999994796,4
0575,0515,0.4011054122280757,4
0576,0519,2.249809465699828e-09,4
0579,0519,0.9999999998831826,4
0573,0520,5.202118379011237e-13,4
0575,0520,0.5988945877719241,4
0576,0520,0.9999999977501904,4
0579,0520,1.168174273644427e-10,4
7452,7196,1.0,63
7753,7196,1.0,63
7919,7196,1.0049479670049531e-09,63
7919,7317,0.999999998995052,63
7213,7123,1.0,60
7435,7123,2.2915361312496134e-10,60
7436,7123,0.0948020134414013,60
7439,7123,1.626136528179246e-10,60
7421,7192,1.0,60
7422,7192,1.0,60
7423,7192,1.0,60
7428,7192,1.0,60
7429,7192,1.0,60
7431,7192,1.0,60
7432,7192,1.0,60
7433,7192,1.0,60
7434,7192,1.0,60
7435,7192,0.9999999997708464,60
7436,7192,0.9051979865585986,60
7439,7192,0.9999999998373864,60
4113,4113,1.0,26
4313,4113,6.761329302366228e-13,26
4313,4313,0.9999999999993238,26
6597,6578,0.9390201800252695,44
6597,8992,0.0609798199747303,44
8997,8992,1.0,44
8998,8992,0.0448146847000128,44
8998,8995,0.9551853152999872,44
2772,2752,1.0,15
2789,2752,1.532377869404262e-14,15
2789,2761,0.1257484244195136,15
2789,2769,0.874251575580471,15
8928,8923,0.1494140821141376,73
8928,8929,0.8505859178858624,73
3330,3310,1.0,22
3344,3310,0.3735079324244175,22
3344,3324,0.6264920675755824,22
5231,5141,0.5935323306924334,29
5232,5141,0.0436114598151225,29
5231,5142,0.4064676693075664,29
5232,5142,0.7044403407523581,29
5232,5143,0.2519481994325193,29
5233,5143,1.0,29
7111,7111,1.0,58
7119,7111,0.9489472235315168,58
7112,7112,1.0,58
7119,7112,0.0510527764684833,58
6724,6721,0.27158120705041,48
6724,6723,0.7284187929495898,48
6741,6741,1.0,50
6744,6741,1.0,50
6749,6741,0.4503013767810964,50
6745,6742,1.0,50
6749,6742,0.0096294495361043,50
6746,6743,1.0,50
6749,6743,7.588513955672492e-11,50
6749,6748,0.540069173606914,50
7912,7311,0.2815650496297676,70
7912,7313,0.7184349503702323,70
2450,2411,0.4274901261709762,8
2460,2411,0.1172174216580801,8
2450,2412,0.5725098738290239,8
2460,2421,0.2280551548166873,8
2460,6318,0.6547274235252324,8
6349,6318,1.0,8
6352,6318,1.7835133631950842e-09,8
6359,6318,9.293473042113928e-10,8
6352,6322,0.9999999982164866,8
6359,6328,0.9999999990706528,8
5831,5812,1.0,33
5832,5812,1.0,33
5833,5812,1.0,33
5834,5812,1.0,33
5835,5812,1.0,33
5836,5812,1.0,33
5837,5812,1.0,33
5838,5812,1.0,33
5839,5812,1.0,33
8931,5812,3.942122427918919e-10,33
8932,5812,0.917190392574396,33
8933,5812,5.641566327138536e-10,33
8935,5812,2.0950588320043855e-10,33
8939,5812,2.3152372138438616e-11,33
8482,8416,0.7983320876028923,33
8482,8930,0.2016679123971076,33
8931,8930,0.9999999996057876,33
8932,8930,0.0828096074256037,33
8933,8930,0.9999999994358432,33
8935,8930,0.999999999790494,33
8939,8930,0.9999999999768476,33
7512,7142,3.691647836733597e-07,64
7521,7142,0.624474268879902,64
7522,7142,0.0712303637823124,64
7523,7142,0.0315445463938967,64
7524,7142,0.9738858448699907,64
7525,7142,9.25415545147634e-08,64
7528,7142,0.5967410302173808,64
7512,7143,0.9999996308352164,64
7521,7143,0.3755257311200979,64
7522,7143,0.9287696362176874,64
7523,7143,0.9684554536061032,64
7524,7143,0.0261141551300091,64
7525,7143,0.9999999074584454,64
7528,7143,0.403258969782619,64
6973,6971,0.8289216533724388,56
6974,6972,0.7501105452815123,56
6975,6972,0.4219493431067389,56
6974,6979,0.2498894547184876,56
6978,6979,0.2998317816565072,56
6973,7194,0.1710783466275612,56
6978,7194,0.7001682183434927,56
6975,8123,0.578050656893261,56
6712,6711,0.2341329283643902,46
6712,6712,0.7658670716356099,46
7518,7149,0.1773129068959714,65
7591,7149,0.9999999999960518,65
7599,7149,1.0,65
7518,8616,0.8226870931040285,65
7591,8616,3.94818216561957e-12,65
8813,8616,1.0,65
2614,2611,0.7647533101876148,11
2614,2612,0.2352466898123852,11
5322,5321,0.3783542111653384,31
5322,5324,0.5138310441945219,31
5322,5325,0.1078147446401395,31
0484,0484,0.9999999999999538,3
0484,0488,4.6189537078845074e-14,3
0488,0488,1.0,3
7611,7241,1.0,66
7612,7241,1.0,66
7643,7241,0.0235804858021303,66
7648,7241,0.9845957959820392,66
7649,7241,2.0979006952393368e-11,66
7621,7242,1.0,66
7622,7242,1.0,66
7628,7242,1.0,66
7643,7242,0.9764195141978697,66
7648,7242,0.0154042040179605,66
7649,7242,1.8036649911406463e-11,66
7641,7249,1.0,66
7642,7249,1.0,66
7649,7249,0.9999999998812612,66
7631,8911,1.0,66
7638,8911,1.0,66
7649,8911,7.97231128806277e-11,66
2881,2840,1.0,18
2882,2840,1.0,18
6863,2840,0.0117582530110141,18
6891,2840,1.0501687000943671e-09,18
6863,6862,0.988241746988986,18
6891,6893,0.9119221150089571,18
6899,6893,7.595900840935551e-09,18
6999,6893,0.2909396693318652,18
6891,6894,0.088077883940874,18
6999,6894,0.2485591004996752,18
6899,6895,0.9999999663447368,18
6999,6895,0.3455203233783706,18
6899,6911,7.888279056564934e-10,18
6911,6911,1.0,18
6999,6911,5.017878823759645e-10,18
6899,6912,1.715430438490749e-08,18
6912,6912,1.0,18
6999,6912,0.0580789572553787,18
6899,6913,8.116230048701632e-09,18
6998,6913,1.2243740942267312e-09,18
6999,6913,0.0569019451071137,18
6921,6921,1.0,18
6998,6921,1.8317634470152482e-09,18
6935,6933,0.9784798939742781,18
6998,6933,2.419843365198121e-09,18
6935,6934,0.0215201060257217,18
6998,6934,1.7645613692566749e-09,18
6997,6984,1.0970153839603994e-09,18
6993,6985,0.718395182669318,18
6994,6986,0.9999999297469868,18
6993,6988,0.2816048173306819,18
6994,6988,7.02530131011863e-08,18
6996,6988,1.0,18
6998,6988,2.505539645499339e-09,18
6997,6989,0.9999999989029846,18
6998,6989,0.999999990253918,18
6999,6989,3.9258085058407215e-09,18
8731,7295,0.7176793247726748,72
8748,7295,1.0,72
8731,8618,0.2823206752273251,72
8732,8618,1.0,72
7371,7152,1.0,62
7372,7152,1.0,62
7373,7152,1.0391037213868504e-10,62
7411,7191,1.0,62
7412,7191,1.0,62
7413,7191,0.5957138506549716,62
7414,7191,1.0,62
7415,7191,1.0,62
7416,7191,1.0,62
7788,7297,0.0534438052918134,62
7373,7299,0.9999999998960896,62
7413,7299,0.4042861493450283,62
7788,7299,0.9465561947081866,62
6583,6566,1.0,43
7758,6566,0.1848532014425153,43
7244,7171,1.0,43
7245,7171,1.0,43
7246,7171,1.0,43
7247,7171,1.0,43
7751,7171,0.0398345425092457,43
7751,7250,0.9601654574907542,43
7752,7250,1.0,43
7754,7250,1.0,43
7757,7250,1.0,43
7758,7250,0.8151467985574846,43
6513,6513,0.9356579073480666,37
6516,6514,0.5094630018291127,37
6513,6516,0.0643420926519333,37
6514,6516,1.0,37
6515,6516,1.0,37
6516,6516,0.4905369981708871,37
5513,5511,0.999999999999664,32
5513,5512,3.359047176935148e-13,32
5514,5512,1.0,32
5530,5512,0.0115318350659712,32
5530,5530,0.9884681649340286,32
2929,2921,0.1526198296170903,19
2929,2929,0.8473801703829096,19
7131,7114,1.0,59
7144,7114,1.0,59
7148,7114,4.771236299070305e-10,59
7149,7114,0.6267322689376257,59
7188,7114,1.9599270060519964e-09,59
7148,7116,0.9999999995228764,59
7149,7116,0.2581715069049404,59
7149,7118,0.1150962241574337,59
7188,7118,0.999999998040073,59
3352,5211,0.0129525619769024,25
3352,5214,0.9870474380230976,25
2651,2651,0.7814107680538491,13
2651,2653,0.2185892319461509,13
6584,6569,1.0,41
6589,6569,0.9999999999884456,41
6589,6577,6.893947520461523e-12,41
6553,8414,1.0,41
6589,8414,4.660559192956712e-12,41
8451,8414,1.0,41
8452,8414,1.0,41
8459,8414,1.0,41
8461,8414,1.0,41
8462,8414,1.0,41
8463,8414,1.0,41
8464,8414,1.0,41
8472,8414,1.0,41
6541,6531,1.0,40
6549,6531,0.4610807272274455,40
6544,6533,1.0,40
6549,6533,0.2011012038093319,40
6545,6534,0.8988330312871223,40
6545,6539,0.1011669687128775,40
6549,6539,0.3378180689632225,40
7851,7329,1.0,68
7853,7329,0.3522647847946642,68
7852,7331,1.0,68
7853,7331,0.4877158716113341,68
7853,7334,0.0753881298065138,68
7853,8941,0.0846312137874878,68
8941,8941,1.0,68
6760,6761,0.5995169515920915,51
6760,6762,0.4004830484079084,51
8981,8914,1.0,77
8989,8914,0.3734239216989813,77
8989,8919,0.6265760783010186,77
7841,7326,0.1318804001847463,67
7842,7326,0.9999999999610648,67
7841,7327,0.7410389895320255,67
7842,7327,2.876073181427215e-11,67
7841,7328,0.1270806102832281,67
7842,7328,1.0174595836777638e-11,67
7849,7328,1.0,67
2640,2640,0.7807402184810875,12
2659,2640,4.611051751473957e-12,12
2640,2658,0.2192597815189123,12
2659,2658,0.999999999995389,12
6940,6941,0.183094314378268,55
6940,6942,0.816905685621732,55
7271,7183,1.0,61
7272,7183,0.665989714770141,61
7233,7184,1.0,61
7234,7184,0.7926888259994316,61
7239,7184,1.0,61
7283,7185,1.0,61
7284,7185,0.1799294971226456,61
7234,7198,0.2073111740005683,61
7272,7198,0.3340102852298589,61
7284,7198,0.8200705028773543,61
6924,6922,0.5823612117668061,54
6924,6923,0.4176387882331939,54
6794,6791,0.6142635379471821,53
6794,6792,0.3857364620528178,53
3345,3325,0.9999999999993818,24
3345,3329,6.181378025368641e-13,24
3353,3329,1.0,24
3354,3329,1.0,24
6512,2628,0.1156012876820099,36
6512,6512,0.88439871231799,36
6991,6981,0.898299600532769,57
6991,6982,0.1017003994672308,57
5249,5152,0.2273061123248909,30
5249,5153,0.772693887675109,30
6733,6734,0.7376026240807586,49
6733,6735,0.2623973759192413,49
6633,6634,0.1181142886514214,45
6633,6636,0.8818857113485785,45
8946,5714,0.8996493625725369,74
8946,8943,0.1003506374274631,74
9510,8943,0.2281184101787658,74
9510,9510,0.7718815898212341,74
0224,0221,0.5401232006440866,2
0224,0222,0.4598767993559133,2
6519,6515,0.2730385147736905,38
6519,6518,0.4035588386866419,38
6519,6519,0.3234026465396675,38
0711,0711,0.9152877728563064,5
0711,0819,0.0847122271436934,5
0819,0819,1.0,5
2686,2626,0.4333099206549742,14
2686,2629,0.5666900793450257,14
5145,5127,1.0,28
5146,5127,1.0,28
5147,5127,1.0,28
5148,5127,1.0,28
5621,5127,1.2765693753756874e-10,28
5621,5611,0.9999999998723432,28
5989,5213,0.034505071224401,34
5982,5997,1.0,34
5983,5997,1.0,34
5989,5997,5.2891885281507166e-11,34
5989,5999,0.9654949287227071,34
8993,5999,1.2879362494961856e-09,34
8993,8993,0.9999999987120636,34
0141,0133,0.9999999997600734,1
0149,0138,1.0,1
0980,0138,7.03732534062686e-12,1
0251,0250,1.0,1
0252,0250,1.0,1
0980,0250,0.124361908812671,1
0141,0320,2.3992661796718737e-10,1
0371,0320,1.0,1
0372,0320,1.0,1
0980,0320,1.6126606863757756e-12,1
0583,0533,1.0,1
0980,0533,0.0093900709218158,1
0565,0555,1.0,1
0980,0555,0.0305766054893261,1
0712,0713,0.8300794391791225,1
0712,0990,0.1699205608208775,1
0980,0990,0.8356714147082771,1
0980,2919,5.925989071583568e-11,1
2919,2919,1.0,1
6531,6535,1.0,39
6532,6535,1.0,39
6534,6535,1.0,39
6539,6535,0.3277859797576956,39
6535,6536,1.0,39
6536,6536,1.0,39
6538,6536,1.0,39
6539,6536,0.6722140202423043,39
2873,2833,0.2304851346375349,17
5224,5135,0.9999999999996112,17
2873,5136,0.769514865362465,17
5224,5136,3.887689259216698e-13,17
5225,5136,1.0,17
6571,6551,1.0,42
6596,6551,0.6072253789456658,42
6593,6576,1.0,42
6594,6576,1.0,42
6595,6576,1.0,42
6596,6576,0.3927746210543341,42
2519,2515,0.4205780375992152,10
2519,2519,0.5794219624007846,10
2119,2118,0.1202771063003357,6
2119,2119,0.8797228936996642,6
6412,6412,0.9713521607209188,35
6415,6414,0.0971809092616319,35
6415,6415,0.9028190904863684,35
6412,6417,0.0286478391062054,35
6412,6419,1.7287581791304843e-10,35
6415,6419,2.51999547396002e-10,35
6417,6419,1.0,35
6418,6419,1.0,35
6419,6419,1.0,35
3341,3321,0.9295571099986368,23
3341,3322,0.070442890001363,23
3342,3322,1.0,23
8947,8944,0.9945109146672164,75
8947,8945,0.0054890853327835,75
2871,2831,0.9999999999999936,16
2871,6821,6.406649183235048e-15,16
6821,6821,1.0,16
3231,3215,0.2122096725521072,20
3223,3216,1.0,20
3231,3216,0.7877903274478899,20
3224,3217,1.0,20
3231,3217,2.7915030750915973e-15,20
2479,2424,0.7064677978144264,9
2479,2429,0.2935322021855735,9
7921,7341,1.0,71
7922,7341,1.0,71
7923,7341,1.0,71
7924,7341,1.0,71
7928,7341,7.547194769275555e-09,71
7928,7349,0.2708104648919678,71
7929,7349,1.0,71
7928,8999,0.7291895275608373,71
8999,8999,1.0,71
6782,6729,0.1532805522387757,52
6782,6782,0.8467194477612243,52
2332,2313,0.3778302988470598,7
2332,2314,0.6221697011529401,7
4239,4217,0.999999999999995,27
4239,4229,5.0314294207166295e-15,27
4249,4229,1.0,27
0011,0011,1.0,
0012,0012,1.0,
0013,0013,1.0,
0014,0014,1.0,
0015,0015,1.0,
0019,0019,1.0,
0111,0111,1.0,
0112,0112,1.0,
0113,0113,1.0,
0114,0114,1.0,
0115,0115,1.0,
0116,0116,1.0,
0118,0118,1.0,
0121,0121,1.0,
0129,0129,1.0,
0142,0134,1.0,
0223,0223,1.0,
0230,0230,1.0,
0240,0240,1.0,
0341,0311,1.0,
0342,0311,1.0,
0343,0311,1.0,
0344,0311,1.0,
0350,0312,1.0,
0360,0313,1.0,
0411,0410,1.0,
0412,0410,1.0,
0421,0421,1.0,
0422,0422,1.0,
0430,0430,1.0,
0440,0440,1.0,
0451,0451,1.0,
0452,0452,1.0,
0459,0459,1.0,
0460,0460,1.0,
0470,0470,1.0,
0481,0481,1.0,
0482,0482,1.0,
0483,0483,1.0,
0541,0541,1.0,
0542,0542,1.0,
0544,0544,1.0,
0545,0545,1.0,
0546,0546,1.0,
0548,0548,1.0,
0561,0551,1.0,
0564,0554,1.0,
0571,0511,1.0,
0572,0512,1.0,
0574,0514,1.0,
0577,0517,1.0,
0582,0532,1.0,
0585,0535,1.0,
0586,0536,1.0,
0589,0539,1.0,
0611,0611,1.0,
0612,0612,1.0,
0615,0615,1.0,
0616,0616,1.0,
0619,0619,1.0,
0620,0620,1.0,
0721,0721,1.0,
0722,0722,1.0,
0723,0723,1.0,
0730,0730,1.0,
0741,0741,1.0,
0742,0742,1.0,
0751,0751,1.0,
0752,0752,1.0,
0811,0811,1.0,
0812,0812,1.0,
0813,0813,1.0,
0814,0814,1.0,
0913,0913,1.0,
0914,0914,1.0,
1110,1110,1.0,
1121,1121,1.0,
1122,1122,1.0,
1123,1123,1.0,
1124,1124,1.0,
1211,1210,1.0,
1212,1210,1.0,
1213,1210,1.0,
1221,1221,1.0,
1222,1222,1.0,
1223,1223,1.0,
2111,2111,1.0,
2112,2112,1.0,
2114,2114,1.0,
2116,2116,1.0,
2117,2117,1.0,
2120,2120,1.0,
2221,2211,1.0,
2222,2214,1.0,
2223,2216,1.0,
2224,2218,1.0,
2225,2218,1.0,
2226,2218,1.0,
2231,2212,1.0,
2232,2213,1.0,
2234,2215,1.0,
2235,2217,1.0,
2238,2218,1.0,
2239,2219,1.0,
2320,2311,1.0,
2331,2312,1.0,
2440,2440,1.0,
2471,2422,1.0,
2472,2423,1.0,
2481,2431,1.0,
2482,2432,1.0,
2483,2433,1.0,
2511,2511,1.0,
2512,2512,1.0,
2516,2516,1.0,
2517,2517,1.0,
2518,2518,1.0,
2613,2613,1.0,
2631,2631,1.0,
2632,2632,1.0,
2633,2633,1.0,
2634,2634,1.0,
2652,2652,1.0,
2654,2654,1.0,
2655,2655,1.0,
2665,2662,1.0,
2666,2662,1.0,
2667,2662,1.0,
2671,2663,1.0,
2672,2664,1.0,
2681,2621,1.0,
2682,2622,1.0,
2683,2623,1.0,
2685,2625,1.0,
2687,2627,1.0,
2690,2670,1.0,
2711,2711,1.0,
2712,2712,1.0,
2713,2713,1.0,
2714,2714,1.0,
2731,2731,1.0,
2732,2732,1.0,
2733,2733,1.0,
2734,2734,1.0,
2741,2741,1.0,
2742,2742,1.0,
2771,2751,1.0,
2782,2762,1.0,
2783,2763,1.0,
2784,2764,1.0,
2785,2765,1.0,
2786,2766,1.0,
2814,2814,1.0,
2815,2813,1.0,
2816,2813,1.0,
2820,2820,1.0,
2860,2860,1.0,
2872,2832,1.0,
2874,2834,1.0,
2875,2835,1.0,
2876,2836,1.0,
2877,2837,1.0,
2879,2839,1.0,
2890,2850,1.0,
2911,2911,1.0,
2922,2922,1.0,
2923,2923,1.0,
2924,2924,1.0,
2925,2925,1.0,
2926,2926,1.0,
2927,2927,1.0,
3221,3214,1.0,
3222,3214,1.0,
3343,3323,1.0,
3351,3326,1.0,
3413,3411,1.0,
3414,3411,1.0,
3415,3412,1.0,
3510,3510,1.0,
4111,4111,1.0,
4232,4212,1.0,
4233,4213,1.0,
4234,4214,1.0,
4235,4215,1.0,
4236,4216,1.0,
4241,4221,1.0,
4242,4222,1.0,
4243,4223,1.0,
4244,4224,1.0,
4245,4225,1.0,
4311,4311,1.0,
4312,4312,1.0,
4314,4314,1.0,
5111,5121,1.0,
5112,5121,1.0,
5113,5121,1.0,
5114,5121,1.0,
5121,5122,1.0,
5122,5122,1.0,
5123,5122,1.0,
5137,5125,1.0,
5138,5125,1.0,
5139,5125,1.0,
5154,5128,1.0,
5155,5128,1.0,
5156,5128,1.0,
5157,5128,1.0,
5161,5123,1.0,
5162,5124,1.0,
5163,5126,1.0,
5169,5129,1.0,
5222,5133,1.0,
5223,5134,1.0,
5239,5149,1.0,
5241,5151,1.0,
5311,5310,1.0,
5312,5310,1.0,
5323,5323,1.0,
5331,5331,1.0,
5332,5332,1.0,
5334,5333,1.0,
5335,5333,1.0,
5411,5411,1.0,
5413,5413,1.0,
5414,5414,1.0,
5415,5415,1.0,
5416,5416,1.0,
5417,5417,1.0,
5419,5419,1.0,
5541,5541,1.0,
5542,5542,1.0,
5543,5543,1.0,
5622,5612,1.0,
5623,5613,1.0,
5629,5619,1.0,
5721,5711,1.0,
5722,5712,1.0,
5723,5713,1.0,
5821,5811,1.0,
5822,5811,1.0,
5823,5811,1.0,
5824,5811,1.0,
5825,5811,1.0,
5826,5811,1.0,
5827,5811,1.0,
5828,5811,1.0,
5829,5811,1.0,
5841,5813,1.0,
5842,5813,1.0,
5843,5813,1.0,
5849,5813,1.0,
5851,5819,1.0,
5852,5819,1.0,
5911,5992,1.0,
5912,5992,1.0,
5913,5992,1.0,
5914,5992,1.0,
5921,5995,1.0,
5922,5995,1.0,
5981,5996,1.0,
6112,6112,1.0,
6113,6113,1.0,
6114,6114,1.0,
6115,6119,1.0,
6116,6119,1.0,
6118,6119,1.0,
6121,6121,1.0,
6122,6122,1.0,
6123,6123,1.0,
6129,6129,1.0,
6130,6130,1.0,
6210,6210,1.0,
6251,6291,1.0,
6252,6291,1.0,
6253,6291,1.0,
6254,6291,1.0,
6259,6291,1.0,
6281,6293,1.0,
6282,6294,1.0,
6289,6299,1.0,
6330,6330,1.0,
6341,6311,1.0,
6342,6312,1.0,
6343,6314,1.0,
6344,6312,1.0,
6351,6321,1.0,
6353,6324,1.0,
6354,6327,1.0,
6411,6411,1.0,
6413,6413,1.0,
6416,6416,1.0,
6421,6421,1.0,
6422,6422,1.0,
6423,6423,1.0,
6424,6429,1.0,
6428,6429,1.0,
6511,6511,1.0,
6517,6517,1.0,
6518,6517,1.0,
6521,6521,1.0,
6522,6522,1.0,
6542,6532,1.0,
6543,6532,1.0,
6546,6538,1.0,
6551,6537,1.0,
6552,6537,1.0,
6560,6540,1.0,
6572,6554,1.0,
6573,6554,1.0,
6574,6555,1.0,
6575,6556,1.0,
6576,6557,1.0,
6577,6558,1.0,
6579,6559,1.0,
6581,6561,1.0,
6582,6562,1.0,
6591,6574,1.0,
6592,6575,1.0,
6611,6611,1.0,
6612,6612,1.0,
6613,6613,1.0,
6618,6618,1.0,
6623,6623,1.0,
6624,6624,1.0,
6631,6631,1.0,
6632,6632,1.0,
6635,6635,1.0,
6637,6637,1.0,
6638,6638,1.0,
6639,6639,1.0,
6641,6641,1.0,
6642,6642,1.0,
6643,6643,1.0,
6644,6644,1.0,
6645,6645,1.0,
6646,6646,1.0,
6647,6647,1.0,
6648,6648,1.0,
6649,6649,1.0,
6651,6651,1.0,
6652,6652,1.0,
6658,6658,1.0,
6664,6664,1.0,
6665,6665,1.0,
6666,6666,1.0,
6671,6671,1.0,
6672,6672,1.0,
6673,6673,1.0,
6674,6674,1.0,
6713,6713,1.0,
6725,6725,1.0,
6727,6727,1.0,
6731,6731,1.0,
6732,6732,1.0,
6747,6747,1.0,
6750,6750,1.0,
6770,6770,1.0,
6781,6781,1.0,
6783,6783,1.0,
6784,6784,1.0,
6785,6785,1.0,
6793,6793,1.0,
6811,6811,1.0,
6812,6812,1.0,
6822,6822,1.0,
6831,6831,1.0,
6832,6832,1.0,
6841,6841,1.0,
6842,6842,1.0,
6851,6851,1.0,
6852,6852,1.0,
6861,6861,1.0,
6871,6871,1.0,
6872,6872,1.0,
6880,6880,1.0,
6931,6931,1.0,
6932,6932,1.0,
6951,6951,1.0,
6953,6952,1.0,
6954,6952,1.0,
6960,6960,1.0,
6992,6983,1.0,
7126,7113,1.0,
7129,7113,1.0,
7132,7115,1.0,
7133,7115,1.0,
7138,7115,1.0,
7139,7115,1.0,
7161,7221,1.0,
7162,7221,1.0,
7163,7221,1.0,
7169,7222,1.0,
7187,7117,1.0,
7211,7121,1.0,
7212,7122,1.0,
7219,7129,1.0,
7223,7125,1.0,
7224,7125,1.0,
7243,7173,1.0,
7248,7172,1.0,
7251,7181,1.0,
7252,7181,1.0,
7259,7181,1.0,
7263,7182,1.0,
7264,7182,1.0,
7267,7182,1.0,
7268,7182,1.0,
7269,7182,1.0,
7281,7195,1.0,
7361,7151,1.0,
7362,7151,1.0,
7367,7151,1.0,
7368,7195,1.0,
7369,7195,1.0,
7441,7193,1.0,
7442,7193,1.0,
7449,7193,1.0,
7451,7195,1.0,
7491,7197,1.0,
7492,7199,1.0,
7493,7199,1.0,
7499,7199,1.0,
7511,7141,1.0,
7711,7221,1.0,
7712,7221,1.0,
7721,7222,1.0,
7722,7222,1.0,
7723,7222,1.0,
7731,7231,1.0,
7732,7232,1.0,
7741,7261,1.0,
7742,7262,1.0,
7761,7293,1.0,
7762,7293,1.0,
7763,7293,1.0,
7764,7293,1.0,
7768,7293,1.0,
7781,7291,1.0,
7782,7292,1.0,
7783,7294,1.0,
7784,7296,1.0,
7810,7321,1.0,
7821,7323,1.0,
7822,7324,1.0,
7831,7322,1.0,
7832,7325,1.0,
7911,7312,1.0,
7913,7314,1.0,
7914,7315,1.0,
7931,7351,1.0,
7932,7353,1.0,
7933,7358,1.0,
7938,7359,1.0,
8121,8121,1.0,
8122,8122,1.0,
8124,8124,1.0,
8211,8210,1.0,
8212,8210,1.0,
8219,8210,1.0,
8310,8310,1.0,
8421,8411,1.0,
8422,8411,1.0,
8423,8411,1.0,
8424,8411,1.0,
8429,8411,1.0,
8431,8411,1.0,
8432,8411,1.0,
8433,8411,1.0,
8434,8411,1.0,
8435,8411,1.0,
8439,8411,1.0,
8441,8411,1.0,
8442,8411,1.0,
8443,8411,1.0,
8465,8412,1.0,
8471,8412,1.0,
8481,8413,1.0,
8483,8420,1.0,
8484,8415,1.0,
8510,8510,1.0,
8710,8613,1.0,
8720,8617,1.0,
8741,8619,1.0,
8742,8619,1.0,
8743,8619,1.0,
8744,8619,1.0,
8745,8619,1.0,
8749,8619,1.0,
8811,8614,1.0,
8812,8615,1.0,
8821,8623,1.0,
8822,8624,1.0,
8830,8630,1.0,
8841,8611,1.0,
8842,8612,1.0,
8851,8641,1.0,
8852,8642,1.0,
8921,8921,1.0,
8922,8922,1.0,
8924,8924,1.0,
8942,8942,1.0,
8951,8951,1.0,
8952,8952,1.0,
8959,8959,1.0,
8960,8960,1.0,
8982,8918,1.0,
8983,8912,1.0,
8991,8991,1.0,
8994,8994,1.0,
8996,8996,1.0,
9110,9110,1.0,
9310,9310,1.0,
9410,9410,1.0,
9610,9610,1.0,
